{
  "request": {
    "ablations": [],
    "ids": [
      104,
      425,
      457,
      489,
      495,
      570,
      584,
      644,
      700,
      705,
      719,
      726,
      816,
      1085,
      1146,
      1362
    ],
    "project": "churchoutdoor",
    "wantz": 0
  },
  "res": [
    {
      "d": "/data/churchoutdoor/cache/img/id/104.jpg",
      "id": 104
    },
    {
      "d": "/data/churchoutdoor/cache/img/id/425.jpg",
      "id": 425
    },
    {
      "d": "/data/churchoutdoor/cache/img/id/457.jpg",
      "id": 457
    },
    {
      "d": "/data/churchoutdoor/cache/img/id/489.jpg",
      "id": 489
    },
    {
      "d": "/data/churchoutdoor/cache/img/id/495.jpg",
      "id": 495
    },
    {
      "d": "/data/churchoutdoor/cache/img/id/570.jpg",
      "id": 570
    },
    {
      "d": "/data/churchoutdoor/cache/img/id/584.jpg",
      "id": 584
    },
    {
      "d": "/data/churchoutdoor/cache/img/id/644.jpg",
      "id": 644
    },
    {
      "d": "/data/churchoutdoor/cache/img/id/700.jpg",
      "id": 700
    },
    {
      "d": "/data/churchoutdoor/cache/img/id/705.jpg",
      "id": 705
    },
    {
      "d": "/data/churchoutdoor/cache/img/id/719.jpg",
      "id": 719
    },
    {
      "d": "/data/churchoutdoor/cache/img/id/726.jpg",
      "id": 726
    },
    {
      "d": "/data/churchoutdoor/cache/img/id/816.jpg",
      "id": 816
    },
    {
      "d": "/data/churchoutdoor/cache/img/id/1085.jpg",
      "id": 1085
    },
    {
      "d": "/data/churchoutdoor/cache/img/id/1146.jpg",
      "id": 1146
    },
    {
      "d": "/data/churchoutdoor/cache/img/id/1362.jpg",
      "id": 1362
    }
  ]
}
